filename,macro_f1,micro_f1,num_segments,num_true_labels,num_pred_labels,num_errors
000001.wav,0.11047973917093619,0.8571428571428571,61,75,79,22
000009.wav,0.10333333333333333,0.2222222222222222,77,7,38,35
000019.wav,0.13740031897926636,0.6753246753246753,38,35,42,25
000054.wav,0.10529100529100528,0.6333333333333333,32,27,33,22
000055.wav,0.10134158926728586,0.6666666666666666,48,43,86,43
000058.wav,0.1166925064599483,0.6764705882352942,36,30,38,22
000065.wav,0.12380952380952381,0.7619047619047619,35,74,52,30
000081.wav,0.0,0.0,60,50,77,127
000102.wav,0.12444444444444444,0.8695652173913043,40,31,38,9
000103.wav,0.12050944224857268,0.7659574468085106,44,36,58,22
000104.wav,0.10298708010335918,0.8099173553719008,42,49,72,23
000109.wav,0.06572769953051644,0.9722222222222222,36,35,37,2
000110.wav,0.06384976525821597,0.8192771084337349,58,34,49,15
000116.wav,0.004166666666666667,0.0196078431372549,31,31,71,100
000120.wav,0.11396011396011395,0.6857142857142857,41,26,44,22
000122.wav,0.243032834611782,0.9060773480662984,51,83,98,17
000144.wav,0.17203923290879813,0.8214285714285714,31,24,32,10
000150.wav,0.06564102564102564,0.42105263157894735,33,96,56,88
000155.wav,0.058333333333333334,0.27450980392156865,67,27,75,74
000180.wav,0.059259259259259255,0.3333333333333333,30,4,20,16
000182.wav,0.07252747252747252,0.25,38,9,39,36
000203.wav,0.1042570281124498,0.6842105263157895,47,65,87,48
000205.wav,0.07636363636363637,0.48,35,23,27,26
000238.wav,0.13320299771912675,0.6,50,25,55,32
000246.wav,0.15475351127525042,0.7578947368421053,41,40,55,23
000258.wav,0.12188552188552189,0.851063829787234,59,100,135,35
000263.wav,0.06545454545454546,0.9391304347826087,60,54,61,7
000283.wav,0.12854700854700854,0.5185185185185185,45,21,33,26
000296.wav,0.059259259259259255,0.35294117647058826,59,27,41,44
000299.wav,0.09904761904761905,0.78125,67,55,73,28
000322.wav,0.07351778656126481,0.5,44,28,48,38
000323.wav,0.1476923076923077,0.6265060240963856,42,31,52,31
000367.wav,0.04912280701754386,0.5833333333333334,39,14,34,20
000379.wav,0.13086419753086417,0.9818181818181818,35,27,28,1
000398.wav,0.17793939393939393,0.6929133858267716,64,47,80,39
000420.wav,0.14199134199134197,0.6666666666666666,36,31,35,22
000426.wav,0.1510737628384687,0.7058823529411765,34,41,44,25
000438.wav,0.06222222222222222,0.8235294117647058,57,38,47,15
000441.wav,0.02717948717948718,0.13725490196078433,63,62,40,88
000446.wav,0.09473684210526316,0.907563025210084,50,62,57,11
000457.wav,0.06492374727668845,0.46551724137931033,73,27,89,62
000462.wav,0.06190476190476191,0.7647058823529411,60,55,81,32
000468.wav,0.08499999999999999,0.5,35,10,22,16
000485.wav,0.09654062751407884,0.5701357466063348,62,65,156,95
000501.wav,0.060714285714285714,0.9107142857142857,62,52,60,10
000505.wav,0.25227272727272726,0.8852459016393442,61,59,63,14
000512.wav,0.23678138528138526,0.7916666666666666,57,74,70,30
000518.wav,0.1137123745819398,0.7,52,26,34,18
000520.wav,0.06504065040650406,0.7142857142857143,32,21,35,16
000529.wav,0.15070915877117427,0.5794392523364486,50,32,75,45
000536.wav,0.12403522403522403,0.4852459016393443,64,142,163,157
000543.wav,0.09989321128909229,0.5925925925925926,33,35,46,33
000546.wav,0.14227307398932112,0.6554621848739496,43,57,62,41
000582.wav,0.18096373571783406,0.7796610169491526,42,52,66,26
000585.wav,0.1660894660894661,0.6746987951807228,35,36,47,27
000599.wav,0.13360114777618365,0.6842105263157895,44,39,37,24
000607.wav,0.17160790598290598,0.862453531598513,65,124,145,37
000609.wav,0.11264367816091954,0.5714285714285714,38,15,27,18
000610.wav,0.10804597701149425,0.5,37,18,54,36
000639.wav,0.06666666666666667,0.20618556701030927,58,19,78,77
000644.wav,0.19439613526570051,0.6434782608695652,55,41,74,41
000658.wav,0.10976430976430976,0.7857142857142857,61,33,51,18
000659.wav,0.12428571428571429,0.9365079365079365,40,59,67,8
000698.wav,0.1660434018924585,0.8125,44,53,75,24
000703.wav,0.1641025641025641,0.4631578947368421,43,28,67,51
000704.wav,0.11023233760075865,0.4262295081967213,51,46,76,70
000722.wav,0.12063492063492064,0.7037037037037037,36,27,27,16
000727.wav,0.19625756741882225,0.978494623655914,47,92,94,4
000738.wav,0.09636363636363636,0.6885245901639344,37,23,38,19
000744.wav,0.1592738367658276,0.8392857142857143,64,94,130,36
000765.wav,0.05777777777777778,0.5416666666666666,36,19,29,22
000766.wav,0.06666666666666667,0.9315068493150684,37,34,39,5
000770.wav,0.05228758169934641,0.5063291139240507,34,31,48,39
000774.wav,0.05801526717557252,0.6514285714285715,76,63,112,61
000810.wav,0.07883597883597884,0.5416666666666666,33,16,32,22
000815.wav,0.11512195121951221,0.7076923076923077,34,23,42,19
000833.wav,0.048484848484848485,0.3018867924528302,36,24,29,37
000840.wav,0.10473771730914588,0.47368421052631576,66,29,85,60
000842.wav,0.11555555555555556,0.8131868131868132,43,40,51,17
000845.wav,0.12411027568922305,0.7816091954022989,37,42,45,19
000856.wav,0.09681083442551333,0.7659574468085106,64,55,86,33
000858.wav,0.11376811594202899,0.53125,39,17,47,30
000876.wav,0.10954831332189822,0.3157894736842105,50,66,67,91
000878.wav,0.14524750611707132,0.6373626373626373,54,37,54,33
000882.wav,0.1354080336942311,0.4452054794520548,67,102,190,162
000883.wav,0.1111111111111111,0.819672131147541,37,25,36,11
000887.wav,0.10448717948717949,0.6764705882352942,36,27,41,22
000893.wav,0.04938271604938271,0.40816326530612246,36,18,31,29
000896.wav,0.0,0.0,32,13,10,23
000897.wav,0.0367816091954023,0.27586206896551724,36,13,45,42
000900.wav,0.06315789473684211,0.7105263157894737,30,32,44,22
000902.wav,0.08282828282828283,0.5142857142857142,35,22,48,34
000928.wav,0.10158730158730159,0.3684210526315789,40,9,29,24
000931.wav,0.06666666666666667,0.7326732673267327,37,37,64,27
000951.wav,0.2504643962848297,0.875,62,59,69,16
000952.wav,0.10384615384615385,0.24615384615384617,46,28,37,49
000954.wav,0.17114737114737114,0.6226415094339622,42,42,64,40
000959.wav,0.06256410256410257,0.37735849056603776,47,16,37,33
000986.wav,0.12398921832884095,0.672566371681416,65,38,75,37
001030.wav,0.12046783625730993,0.8674698795180723,35,36,47,11
001031.wav,0.12410453216374269,0.9263157894736842,65,91,99,14
001032.wav,0.13280745248290887,0.6741573033707865,58,33,56,29
001033.wav,0.05555555555555556,0.4,31,5,20,15
001036.wav,0.17286324786324786,0.6865671641791045,36,25,42,21
001041.wav,0.06272727272727273,0.4166666666666667,67,26,70,56
001051.wav,0.10943396226415093,0.8611111111111112,45,62,82,20
001053.wav,0.1692706712314555,0.7,36,21,39,18
001054.wav,0.11578947368421053,0.8173913043478261,43,59,56,21
001062.wav,0.11170731707317073,0.8571428571428571,31,27,36,9
001065.wav,0.10128205128205128,0.4444444444444444,57,51,93,80
001068.wav,0.10634920634920636,0.6666666666666666,38,17,31,16
001070.wav,0.1062265566391598,0.7407407407407407,40,35,46,21
001079.wav,0.06923076923076922,0.41509433962264153,36,15,38,31
001081.wav,0.0654970760233918,0.7671232876712328,34,35,38,17
001124.wav,0.05128205128205129,0.2857142857142857,34,5,30,25
001154.wav,0.11044917257683216,0.8062015503875969,42,57,72,25
001157.wav,0.1126984126984127,0.7659574468085106,43,42,52,22
001165.wav,0.16307560505461552,0.6153846153846154,60,44,73,45
001171.wav,0.11292270531400966,0.4576271186440678,42,50,68,64
001190.wav,0.16191760299625468,0.8073394495412844,48,88,130,42
001201.wav,0.07777777777777778,0.5380710659898477,49,53,144,91
001209.wav,0.09222222222222222,0.36619718309859156,42,43,28,45
001213.wav,0.1729292929292929,0.6060606060606061,59,24,42,26
001228.wav,0.09325536062378167,0.7142857142857143,35,40,44,24
001235.wav,0.12494975595750789,0.6582278481012658,33,42,37,27
001270.wav,0.09848484848484848,0.56,51,17,33,22
001305.wav,0.04086021505376344,0.5846153846153846,44,19,46,27
001310.wav,0.18055555555555552,0.810126582278481,34,34,45,15
001311.wav,0.04923076923076923,0.631578947368421,57,31,45,28
001343.wav,0.1127972027972028,0.47058823529411764,47,28,74,54
001377.wav,0.11259259259259259,0.7457627118644068,40,22,37,15
001387.wav,0.10709876543209876,0.5454545454545454,40,49,72,55
001389.wav,0.18653299916457808,0.9175257731958762,54,104,90,16
001392.wav,0.24343434343434342,0.7901234567901234,41,35,46,17
001397.wav,0.05841073271413828,0.14814814814814814,37,64,44,92
001398.wav,0.1100891265597148,0.5,32,20,20,20
001428.wav,0.17593445980542757,0.4578313253012048,46,45,38,45
001430.wav,0.06444444444444444,0.26666666666666666,67,10,65,55
001433.wav,0.08651508651508652,0.5906040268456376,67,75,74,61
001457.wav,0.09831029185867894,0.6153846153846154,51,30,35,25
001467.wav,0.192014652014652,0.5747126436781609,50,25,62,37
001474.wav,0.10108262108262107,0.3803680981595092,52,101,62,101
001475.wav,0.08888888888888888,0.4580152671755725,44,35,96,71
001478.wav,0.0617283950617284,0.746268656716418,44,28,39,17
001492.wav,0.11604938271604938,0.6268656716417911,32,72,62,50
001506.wav,0.11515151515151516,0.9428571428571428,30,34,36,4
001541.wav,0.07352941176470588,0.4864864864864865,36,28,46,38
001544.wav,0.02735042735042735,0.1553398058252427,34,29,74,87
001546.wav,0.0850835945663532,0.32954545454545453,57,88,88,118
001569.wav,0.06666666666666667,0.5394736842105263,41,41,111,70
001575.wav,0.020202020202020204,0.08928571428571429,49,49,63,102
001592.wav,0.04951267056530215,0.3291139240506329,44,34,45,53
001594.wav,0.17777777777777776,0.8314606741573034,51,37,52,15
001596.wav,0.14673721340388007,0.6440677966101694,48,23,36,21
001598.wav,0.15046287046287046,0.5274725274725275,39,47,44,43
001603.wav,0.05333333333333334,0.47058823529411764,33,32,36,36
001647.wav,0.04748538011695906,0.38095238095238093,46,30,33,39
001655.wav,0.06666666666666667,0.9411764705882353,41,32,36,4
001658.wav,0.17716755857600927,0.9036144578313253,67,86,80,16
001659.wav,0.12421160760143811,0.7843137254901961,60,86,118,44
001660.wav,0.15731741972151178,0.7012987012987013,40,28,49,23
001668.wav,0.1093167701863354,0.7058823529411765,37,16,18,10
001669.wav,0.04081632653061225,0.2631578947368421,37,51,63,84
001671.wav,0.09821428571428571,0.7175572519083969,74,59,72,37
001680.wav,0.1599127290555862,0.8023255813953488,45,71,101,34
001695.wav,0.13572649572649573,0.6666666666666666,36,19,35,18
001705.wav,0.08534798534798534,0.45714285714285713,47,69,71,76
001706.wav,0.119029374201788,0.6666666666666666,50,36,66,34
001725.wav,0.11224400871459696,0.8115942028985508,37,34,35,13
001726.wav,0.13131313131313133,0.8518518518518519,54,25,29,8
001730.wav,0.11482628138974889,0.5066666666666667,38,20,55,37
001754.wav,0.10158730158730159,0.8,36,22,33,11
001755.wav,0.0779848171152519,0.47368421052631576,44,49,141,100
001757.wav,0.16214624881291548,0.7142857142857143,39,31,53,24
001759.wav,0.05714285714285714,0.5316455696202531,30,37,42,37
001778.wav,0.16242424242424244,0.5942857142857143,53,91,84,71
001787.wav,0.0772635814889336,0.39790575916230364,48,81,110,115
001791.wav,0.04583333333333333,0.5,33,22,22,22
001799.wav,0.11604469744887203,0.8372093023255814,35,44,42,14
001803.wav,0.11774891774891774,0.8387096774193549,32,26,36,10
001809.wav,0.10818446198587453,0.75,50,75,77,38
001812.wav,0.11745649263721553,0.8551724137931035,65,79,66,21
001814.wav,0.07876447876447876,0.5728643216080402,61,59,140,85
001844.wav,0.17043142043142043,0.7037037037037037,33,48,60,32
001849.wav,0.10485036119711041,0.5945945945945946,54,29,45,30
001852.wav,0.20051234971461426,0.7653061224489796,57,83,113,46
001853.wav,0.15755831384541583,0.7531380753138075,56,120,119,59
001855.wav,0.0,0.0,36,0,11,11
001859.wav,0.04444444444444444,0.35714285714285715,33,8,20,18
001867.wav,0.16655844155844157,0.7605633802816901,44,33,38,17
001874.wav,0.029629629629629627,0.21052631578947367,33,18,39,45
001877.wav,0.1286935286935287,0.5633802816901409,37,22,49,31
001879.wav,0.18662468136152346,0.5346534653465347,44,32,69,47
001895.wav,0.17454545454545453,0.5,60,26,54,40
001896.wav,0.1361398375065119,0.7189542483660131,41,58,95,43
001899.wav,0.06570048309178744,0.8292682926829268,36,35,47,14
001905.wav,0.07352941176470588,0.2830188679245283,63,29,77,76
001909.wav,0.04444444444444444,0.42696629213483145,59,39,50,51
001912.wav,0.1,0.8571428571428571,59,67,87,22
001945.wav,0.1755347119191513,0.625,48,32,48,30
001975.wav,0.058333333333333334,0.8076923076923077,28,21,31,10
001976.wav,0.1095324833029751,0.6466165413533834,38,48,85,47
001982.wav,0.055461233729485,0.3384615384615385,32,20,45,43
001984.wav,0.05185185185185185,0.42424242424242425,40,11,22,19
001986.wav,0.16229691876750701,0.7647058823529411,56,60,76,32
001987.wav,0.04425770308123249,0.16161616161616163,52,35,64,83
001989.wav,0.1270590268775387,0.5611510791366906,44,45,94,61
001999.wav,0.06303030303030303,0.2692307692307692,43,17,35,38
002006.wav,0.12058212058212057,0.7413793103448276,59,86,146,60
002020.wav,0.14511134511134513,0.6428571428571429,33,46,66,40
002021.wav,0.0834625322997416,0.4264705882352941,58,55,81,78
002026.wav,0.1330952380952381,0.71875,32,24,40,18
002054.wav,0.05760294455946629,0.32592592592592595,65,59,76,91
002056.wav,0.15535418392709197,0.7846153846153846,64,58,72,28
002071.wav,0.06588235294117648,0.9032258064516129,49,43,50,9
002157.wav,0.14619883040935674,0.6222222222222222,49,37,53,34
002160.wav,0.09176719576719577,0.5483870967741935,43,34,90,56
002168.wav,0.041530054644808745,0.4,63,40,55,57
002201.wav,0.019047619047619046,0.032520325203252036,46,55,68,119
002221.wav,0.08608156028368794,0.5604395604395604,50,61,121,80
002223.wav,0.03809523809523809,0.07272727272727272,33,26,29,51
002238.wav,0.05416666666666667,0.43333333333333335,34,13,47,34
002242.wav,0.04662309368191721,0.09375,49,30,98,116
002250.wav,0.13579338535860278,0.37777777777777777,56,37,53,56
002251.wav,0.09523809523809525,0.7926829268292683,62,81,83,34
002257.wav,0.05600000000000001,0.46153846153846156,35,9,30,21
002268.wav,0.0962962962962963,0.6324786324786325,43,39,78,43
002273.wav,0.04912280701754386,0.42424242424242425,43,8,25,19
002274.wav,0.09777777777777778,0.711864406779661,44,21,38,17
002287.wav,0.0857142857142857,0.7368421052631579,38,42,72,30
002315.wav,0.08717948717948718,0.4931506849315068,55,27,46,37
002369.wav,0.10835058661145618,0.25,49,21,43,48
002371.wav,0.09372198879551821,0.3742690058479532,50,54,117,107
002380.wav,0.0654970760233918,0.835820895522388,46,32,35,11
002381.wav,0.10101010101010101,0.4411764705882353,34,19,49,38
002399.wav,0.15684848484848485,0.43243243243243246,55,50,61,63
002402.wav,0.10370370370370369,0.37142857142857144,42,22,48,44
002404.wav,0.04938271604938271,0.24390243902439024,42,20,62,62
002410.wav,0.03809523809523809,0.13114754098360656,42,23,38,53
002420.wav,0.11202830188679246,0.6125,59,67,93,62
002430.wav,0.1090654336555976,0.84,57,42,58,16
002433.wav,0.12295459301109019,0.8863636363636364,54,40,48,10
002446.wav,0.1272108843537415,0.9024390243902439,40,39,43,8
002463.wav,0.14884920634920634,0.7297297297297297,43,35,39,20
002465.wav,0.07553126897389192,0.5882352941176471,53,39,46,35
002469.wav,0.07828282828282829,0.42696629213483145,67,49,40,51
002502.wav,0.07342995169082125,0.5416666666666666,34,14,34,22
002509.wav,0.13915708812260535,0.6386554621848739,43,48,71,43
002511.wav,0.12183908045977011,0.6938775510204082,51,34,64,30
002520.wav,0.20058479532163742,0.7058823529411765,34,30,55,25
002537.wav,0.05771144278606965,0.43609022556390975,78,29,104,75
002576.wav,0.03982683982683983,0.3511450381679389,58,59,72,85
002607.wav,0.09137529137529138,0.6885245901639344,43,34,27,19
002610.wav,0.09792114695340501,0.6,51,37,73,44
002624.wav,0.08162393162393163,0.4722222222222222,43,22,50,38
002631.wav,0.09964726631393298,0.7482993197278912,47,57,90,37
002655.wav,0.14559006211180126,0.6764705882352942,40,30,38,22
002694.wav,0.21264408793820558,0.8085106382978723,59,42,52,18
002716.wav,0.13218390804597702,0.6388888888888888,52,33,39,26
002717.wav,0.07916666666666666,0.35294117647058826,48,18,50,44
002749.wav,0.05333333333333334,0.3389830508474576,62,50,68,78
002751.wav,0.11884057971014492,0.8571428571428571,36,39,52,13
002760.wav,0.2335035656774787,0.7469879518072289,47,36,47,21
002764.wav,0.11050035236081748,0.8,44,41,59,20
002769.wav,0.06597938144329897,0.6530612244897959,51,48,99,51
002770.wav,0.1752006552006552,0.8421052631578947,32,32,44,12
002785.wav,0.06557377049180328,0.967741935483871,35,30,32,2
002867.wav,0.09292929292929293,0.4444444444444444,33,12,15,15
002900.wav,0.061503928170594836,0.4074074074074074,42,22,32,32
002901.wav,0.13734335839598996,0.6106870229007634,47,70,61,51
002902.wav,0.12060673325934147,0.896551724137931,30,39,48,9
002906.wav,0.1242862439747868,0.8115942028985508,33,28,41,13
002918.wav,0.15501125756880232,0.6299212598425197,54,53,74,47
002933.wav,0.06666666666666667,0.6804123711340206,35,44,53,31
002948.wav,0.06818181818181818,0.5714285714285714,35,28,35,27
002952.wav,0.09166666666666666,0.7272727272727273,37,20,24,12
002953.wav,0.10617283950617283,0.7457627118644068,50,89,88,45
002963.wav,0.1858823529411765,0.7358490566037735,58,59,47,28
002978.wav,0.22206948498258167,0.8620689655172413,40,51,65,16
002979.wav,0.21511387163561077,0.7578947368421053,63,38,57,23
002982.wav,0.12447208187589066,0.8852459016393442,51,55,67,14
003006.wav,0.07549549549549549,0.4411764705882353,46,36,32,38
003007.wav,0.1694207027540361,0.85,43,40,40,12
003010.wav,0.06545561955398022,0.5333333333333333,39,33,72,49
003018.wav,0.11558406843090084,0.7848101265822784,55,35,44,17
003023.wav,0.1361737677527151,0.37777777777777777,35,45,45,56
003027.wav,0.09371980676328502,0.5578231292517006,70,67,80,65
003032.wav,0.07733333333333334,0.43010752688172044,61,24,69,53
003039.wav,0.025,0.05357142857142857,33,34,78,106
003060.wav,0.1771752613857877,0.6190476190476191,32,35,49,32
003064.wav,0.11414728682170544,0.7352941176470589,42,25,43,18
003118.wav,0.08612836438923395,0.46808510638297873,41,13,34,25
003127.wav,0.05396825396825397,0.3469387755102041,67,22,76,64
003132.wav,0.19275641025641027,0.8113207547169812,40,86,126,40
003166.wav,0.10354978354978354,0.45714285714285713,51,21,49,38
003170.wav,0.08264264264264264,0.547945205479452,33,33,40,33
003176.wav,0.0425531914893617,0.5263157894736842,43,30,27,27
003179.wav,0.09172932330827067,0.8421052631578947,67,48,66,18
003180.wav,0.12783473836105416,0.7578947368421053,32,42,53,23
003233.wav,0.05614035087719298,0.5818181818181818,44,19,36,23
003242.wav,0.05416666666666667,0.5777777777777777,34,24,21,19
003254.wav,0.06153846153846154,0.3870967741935484,57,32,92,76
003258.wav,0.029629629629629627,0.09302325581395349,36,22,21,39
003304.wav,0.10063348416289593,0.4117647058823529,56,56,148,120
003307.wav,0.06274509803921569,0.6857142857142857,41,32,38,22
003308.wav,0.18180660298307358,0.8322981366459627,36,77,84,27
003310.wav,0.10307017543859649,0.5238095238095238,66,26,58,40
003315.wav,0.11259063941990771,0.6346153846153846,65,38,66,38
003323.wav,0.0656084656084656,0.9841269841269841,32,32,31,1
003336.wav,0.04705882352941177,0.10434782608695652,49,19,96,103
003359.wav,0.11200000000000002,0.7166666666666667,55,61,59,34
003360.wav,0.05090909090909091,0.6461538461538462,42,25,40,23
003364.wav,0.08253968253968254,0.2641509433962264,31,22,31,39
003365.wav,0.07978363759296822,0.375,30,95,49,90
003367.wav,0.1619450317124736,0.693069306930693,39,89,113,62
003378.wav,0.13321162947937795,0.6060606060606061,31,32,67,39
003384.wav,0.11137594799566632,0.6915887850467289,40,43,64,33
003416.wav,0.14839993033211413,0.7142857142857143,34,47,65,32
003442.wav,0.11855072463768117,0.9115646258503401,59,67,80,13
003446.wav,0.12570806100217866,0.65625,45,23,41,22
003449.wav,0.0818958818958819,0.44155844155844154,62,17,60,43
003461.wav,0.058333333333333334,0.18421052631578946,55,43,33,62
003468.wav,0.14002089864158832,0.6732673267326733,57,36,65,33
003472.wav,0.0958139534883721,0.7777777777777778,32,31,23,12
003504.wav,0.09766081871345028,0.4507042253521127,37,21,50,39
003507.wav,0.08733333333333333,0.34408602150537637,40,28,65,61
003510.wav,0.12574907588606218,0.5228215767634855,41,75,166,115
003538.wav,0.14482384823848238,0.4,61,30,50,48
003539.wav,0.06746438746438746,0.28169014084507044,55,74,68,102
003563.wav,0.12421559983541997,0.5909090909090909,66,109,111,90
003569.wav,0.12108843537414966,0.8850574712643678,57,85,89,20
003582.wav,0.10311986863711002,0.6666666666666666,37,32,61,31
003586.wav,0.05656565656565657,0.8,40,28,42,14
003587.wav,0.06572769953051644,0.8235294117647058,38,36,49,15
003588.wav,0.02333333333333333,0.1308411214953271,66,77,137,186
003610.wav,0.06516290726817042,0.6220095693779905,68,135,74,79
003612.wav,0.1477726574500768,0.5,68,24,44,34
003619.wav,0.2518518518518518,0.9174311926605505,40,53,56,9
003646.wav,0.2322943722943723,0.8723404255319149,37,42,52,12
003649.wav,0.13636363636363635,0.8421052631578947,34,29,28,9
003653.wav,0.030158730158730156,0.08571428571428572,51,15,55,64
003657.wav,0.0871345029239766,0.8421052631578947,44,50,45,15
003680.wav,0.12000000000000001,0.8611111111111112,62,31,41,10
003685.wav,0.12151067323481117,0.723404255319149,36,21,26,13
003688.wav,0.11245791245791245,0.6835443037974683,36,31,48,25
003696.wav,0.11538101916783544,0.6216216216216216,51,26,48,28
003703.wav,0.14726930320150658,0.6046511627906976,52,47,39,34
003729.wav,0.12514619883040937,0.864516129032258,45,67,88,21
003736.wav,0.06603174603174604,0.3146067415730337,38,15,74,61
003742.wav,0.122765737874097,0.8034188034188035,59,48,69,23
003749.wav,0.10163170163170164,0.6904761904761905,39,34,50,26
003762.wav,0.02,0.14634146341463414,35,17,24,35
003764.wav,0.14917874396135264,0.5641025641025641,33,29,49,34
003768.wav,0.11393939393939394,0.7428571428571429,45,17,18,9
003774.wav,0.13711830953210263,0.5714285714285714,49,47,72,51
003775.wav,0.1893856209150327,0.6458333333333334,57,34,62,34
003777.wav,0.14194659776055124,0.6976744186046512,66,58,71,39
003785.wav,0.15338753387533874,0.8396946564885496,39,65,66,21
003788.wav,0.1557037037037037,0.5227272727272727,39,30,58,42
003797.wav,0.15234395234395234,0.5294117647058824,39,34,34,32
003804.wav,0.1111111111111111,0.9230769230769231,33,33,32,5
003814.wav,0.1544973544973545,0.5625,48,18,46,28
003815.wav,0.04444444444444444,0.28,39,18,32,36
003841.wav,0.15062223112713996,0.5238095238095238,42,24,60,40
003859.wav,0.1742014610995574,0.8378378378378378,46,35,39,12
003890.wav,0.07792397660818713,0.2028985507246377,41,36,33,55
003924.wav,0.1231578947368421,0.782608695652174,40,40,52,20
003929.wav,0.16969460688758933,0.8952380952380953,47,52,53,11
003996.wav,0.15252525252525254,0.45161290322580644,44,31,62,51
003997.wav,0.17217391304347823,0.5333333333333333,53,40,50,42
004000.wav,0.1317391304347826,0.6388888888888888,46,32,40,26
004006.wav,0.08,0.3111111111111111,33,15,30,31
004010.wav,0.08653594771241829,0.5862068965517241,33,25,33,24
004026.wav,0.11938997821350764,0.5681818181818182,47,32,56,38
004027.wav,0.12280701754385964,0.963855421686747,32,40,43,3
004031.wav,0.12643678160919541,0.9494949494949495,34,47,52,5
004036.wav,0.16093567251461988,0.6857142857142857,35,26,44,22
004050.wav,0.041025641025641026,0.4444444444444444,31,10,26,20
004084.wav,0.17317738791423,0.6031746031746031,69,21,42,25
004095.wav,0.08723809523809524,0.5384615384615384,51,41,63,48
004101.wav,0.14033670033670034,0.5981308411214953,61,37,70,43
004109.wav,0.06464646464646465,0.6956521739130435,35,16,30,14
004124.wav,0.12696296296296297,0.6666666666666666,30,59,64,41
004129.wav,0.10745670995670994,0.5094339622641509,54,31,75,52
004134.wav,0.02150537634408602,0.15625,31,39,25,54
004157.wav,0.17183796730188483,0.8839779005524862,65,88,93,21
004163.wav,0.04057971014492754,0.2222222222222222,38,14,49,49
004166.wav,0.06666666666666667,0.9180327868852459,29,28,33,5
004193.wav,0.0,0.0,67,15,0,15
004197.wav,0.11307066916823015,0.6233766233766234,48,25,52,29
004199.wav,0.12242424242424242,0.8735632183908046,53,90,84,22
004201.wav,0.09777777777777778,0.4,72,35,35,42
004234.wav,0.04444444444444444,0.05,41,2,38,38
004248.wav,0.134006734006734,0.6229508196721312,30,20,41,23
004255.wav,0.058252427184466014,0.5960264900662252,68,46,105,61
004256.wav,0.12015873015873015,0.6870229007633588,64,54,77,41
004257.wav,0.06349206349206349,0.18181818181818182,48,10,34,36
004261.wav,0.12805122048819528,0.9696969696969697,31,32,34,2
004263.wav,0.13297843297843298,0.5048543689320388,32,55,48,51
004273.wav,0.10853935777209435,0.4366812227074236,50,79,150,129
004281.wav,0.10740740740740741,0.6101694915254238,34,20,39,23
004286.wav,0.16261437908496734,0.7536231884057971,38,26,43,17
004289.wav,0.008888888888888889,0.04,32,24,26,48
004290.wav,0.13515406162464985,0.5714285714285714,36,22,27,21
004291.wav,0.12121212121212123,0.5671641791044776,40,23,44,29
004292.wav,0.1137085137085137,0.7906976744186046,35,17,26,9
004294.wav,0.18194871794871795,0.8611111111111112,35,31,41,10
004295.wav,0.059259259259259255,0.34615384615384615,33,17,35,34
004309.wav,0.14444444444444443,0.4318181818181818,48,22,66,50
004321.wav,0.0,0.0,38,16,46,62
004328.wav,0.16835016835016833,0.5473684210526316,62,30,65,43
004346.wav,0.0,0.0,50,4,20,24
004376.wav,0.043478260869565216,0.5660377358490566,33,25,28,23
004379.wav,0.09535732916014607,0.8314606741573034,36,39,50,15
004386.wav,0.06227795193312435,0.18181818181818182,69,36,41,63
004406.wav,0.10320629159104658,0.7123287671232876,48,27,46,21
004426.wav,0.07761828814460393,0.5740740740740741,48,41,67,46
004434.wav,0.09350649350649351,0.5454545454545454,32,40,59,45
004451.wav,0.06021505376344086,0.8,33,15,20,7
004505.wav,0.1252314814814815,0.6530612244897959,37,101,95,68
004516.wav,0.10718954248366014,0.6333333333333333,32,25,35,22
004519.wav,0.041025641025641026,0.1951219512195122,63,7,34,33
004537.wav,0.14047683310841205,0.7166666666666667,42,54,66,34
004538.wav,0.07333333333333333,0.21333333333333335,48,16,59,59
004556.wav,0.09668737060041407,0.5507246376811594,45,34,35,31
004604.wav,0.10085470085470086,0.6407766990291263,64,43,60,37
004609.wav,0.09456140350877193,0.43781094527363185,56,90,111,113
004613.wav,0.21296632385561604,0.8936170212765957,55,92,96,20
004616.wav,0.09166666666666666,0.583941605839416,41,57,80,57
004652.wav,0.1094850948509485,0.5208333333333334,47,39,57,46
004658.wav,0.13034825870646766,0.954248366013072,41,75,78,7
004702.wav,0.035555555555555556,0.36363636363636365,34,11,11,14
004703.wav,0.10400000000000001,0.8571428571428571,35,39,52,13
004704.wav,0.14564158806755867,0.7513227513227513,55,80,109,47
004715.wav,0.1292929292929293,0.9666666666666667,40,58,62,4
004716.wav,0.11289364230540701,0.6730769230769231,50,48,56,34
004739.wav,0.06570048309178744,0.8831168831168831,39,34,43,9
004742.wav,0.09162754303599373,0.65,37,54,66,42
004746.wav,0.02298850574712644,0.3225806451612903,30,5,26,21
004749.wav,0.05277777777777778,0.48717948717948717,30,29,49,40
004751.wav,0.06274509803921569,0.9411764705882353,31,24,27,3
004755.wav,0.0656084656084656,0.9117647058823529,34,31,37,6
004766.wav,0.10311544564418126,0.4722222222222222,43,22,50,38
004769.wav,0.07627906976744185,0.5063291139240507,48,25,54,39
004778.wav,0.19145814847678203,0.9174917491749175,61,144,159,25
004781.wav,0.10690058479532165,0.7397260273972602,49,32,41,19
004782.wav,0.1,0.7727272727272727,40,73,59,30
004796.wav,0.09346831646044244,0.8143712574850299,69,78,89,31
004817.wav,0.11861861861861862,0.8,45,40,60,20
004820.wav,0.05,0.41379310344827586,38,6,23,17
004825.wav,0.06552706552706553,0.3283582089552239,35,23,44,45
004829.wav,0.10942760942760943,0.7222222222222222,35,36,36,20
004850.wav,0.1325925925925926,0.5396825396825397,31,18,45,29
004863.wav,0.12546540217773094,0.8245614035087719,45,48,66,20
004904.wav,0.08592592592592592,0.8,32,32,33,13
004919.wav,0.07407635467980295,0.37777777777777777,56,43,47,56
004921.wav,0.177924857324033,0.7820069204152249,58,141,148,63
004925.wav,0.04814814814814815,0.6842105263157895,53,26,50,24
004935.wav,0.08086419753086418,0.75,32,33,39,18
004944.wav,0.22864612511671334,0.8333333333333334,57,47,61,18
004949.wav,0.13365317758308998,0.7532467532467533,48,31,46,19
004950.wav,0.08148148148148147,0.7906976744186046,41,35,51,18
004952.wav,0.06740668025875304,0.3617021276595745,44,29,65,60
004954.wav,0.1111111111111111,0.6060606060606061,31,13,20,13
004964.wav,0.06419753086419752,0.5842696629213483,41,26,63,37
004978.wav,0.19833630421865717,0.6956521739130435,37,39,53,28
004991.wav,0.044848484848484846,0.14285714285714285,37,5,65,60
004996.wav,0.048484848484848485,0.2962962962962963,50,10,44,38
005006.wav,0.09449981543004798,0.6896551724137931,36,32,55,27
005007.wav,0.1508641975308642,0.7192982456140351,62,48,66,32
005016.wav,0.08897849462365591,0.5925925925925926,29,21,33,22
005031.wav,0.10999237223493516,0.8615384615384616,45,31,34,9
005042.wav,0.019047619047619046,0.07272727272727272,57,23,32,51
005052.wav,0.14135802469135803,0.6666666666666666,42,26,52,26
005059.wav,0.06666666666666667,1.0,35,35,35,0
005061.wav,0.06666666666666667,1.0,31,31,31,0
005067.wav,0.11055088702147525,0.5333333333333333,57,21,39,28
005090.wav,0.14065934065934066,0.6352941176470588,57,31,54,31
005092.wav,0.15363288052943222,0.7133757961783439,57,60,97,45
005098.wav,0.11130434782608696,0.7619047619047619,51,42,63,25
005119.wav,0.05142857142857143,0.42857142857142855,44,27,99,72
005120.wav,0.04444444444444444,0.2702702702702703,31,19,18,27
005133.wav,0.088,0.5217391304347826,29,18,28,22
005134.wav,0.09816849816849818,0.2916666666666667,54,13,35,34
005145.wav,0.05555555555555556,0.16129032258064516,66,13,49,52
005153.wav,0.0746031746031746,0.47619047619047616,35,20,43,33
005157.wav,0.08717948717948718,0.7777777777777778,34,43,47,20
005171.wav,0.05122950819672131,0.32727272727272727,54,33,77,74
005175.wav,0.1201797385620915,0.9312977099236641,49,61,70,9
005199.wav,0.0868065268065268,0.43478260869565216,53,23,46,39
005200.wav,0.1003861003861004,0.5625,50,37,59,42
005226.wav,0.14954822954822955,0.6268656716417911,33,24,43,25
005237.wav,0.08681800079649542,0.6067415730337079,40,33,56,35
005238.wav,0.09484684684684686,0.660377358490566,57,41,65,36
005239.wav,0.057091237579042456,0.3448275862068966,48,28,59,57
005241.wav,0.07578947368421053,0.3333333333333333,37,11,49,40
005244.wav,0.10350306130357281,0.4946236559139785,50,44,49,47
005251.wav,0.06274509803921569,0.2,71,8,72,64
005252.wav,0.1098989898989899,0.4383561643835616,37,22,51,41
005263.wav,0.1325102880658436,0.9719626168224299,42,52,55,3
005270.wav,0.09643986254295532,0.6993006993006993,54,59,84,43
005273.wav,0.1235930735930736,0.36363636363636365,70,28,49,49
005276.wav,0.06502463054187192,0.3380281690140845,61,34,37,47
005278.wav,0.05292397660818714,0.45714285714285713,38,18,52,38
005290.wav,0.12561660561660562,0.6086956521739131,44,60,55,45
005312.wav,0.18947368421052632,0.6511627906976745,40,29,57,30
005318.wav,0.10894308943089431,0.8904109589041096,53,65,81,16
005320.wav,0.10634920634920636,0.8852459016393442,32,27,34,7
005336.wav,0.066006600660066,0.9259259259259259,52,51,57,8
005338.wav,0.18330721003134798,0.8266666666666667,41,33,42,13
005341.wav,0.09509700176366843,0.6285714285714286,34,22,48,26
005361.wav,0.07777777777777778,0.375,44,88,168,160
005368.wav,0.06666666666666667,0.7843137254901961,40,40,62,22
005372.wav,0.050505050505050504,0.5813953488372093,65,36,50,36
005374.wav,0.05673758865248227,0.6060606060606061,56,30,36,26
005379.wav,0.09676511954992968,0.6341463414634146,63,43,80,45
005381.wav,0.15401257861635223,0.8466257668711656,45,83,80,25
005393.wav,0.12409812409812408,0.5882352941176471,51,25,60,35
005401.wav,0.1240530303030303,0.6993006993006993,38,67,76,43
005405.wav,0.14643578643578645,0.6741573033707865,37,39,50,29
005412.wav,0.11984811165845648,0.6333333333333333,44,62,58,44
005418.wav,0.20819180819180821,0.7058823529411765,57,52,67,35
005436.wav,0.11305361305361306,0.7692307692307693,62,36,55,21
005442.wav,0.10512779973649539,0.5039370078740157,51,56,71,63
005467.wav,0.08888888888888888,0.6619718309859155,48,51,91,48
005491.wav,0.1932178932178932,0.6666666666666666,45,32,49,27
005496.wav,0.12473420848774157,0.618421052631579,50,73,79,58
005497.wav,0.13998963998963998,0.5616438356164384,60,84,62,64
005519.wav,0.08271604938271605,0.5789473684210527,46,11,27,16
005520.wav,0.04938271604938271,0.39215686274509803,40,11,40,31
005522.wav,0.029629629629629627,0.3595505617977528,72,16,73,57
005524.wav,0.0,0.0,61,0,40,40
005526.wav,0.11444444444444443,0.5688073394495413,60,37,72,47
005529.wav,0.14785793916228698,0.6012269938650306,67,75,88,65
005533.wav,0.126396220267188,0.562962962962963,68,48,87,59
005548.wav,0.1292517006802721,0.8571428571428571,51,33,44,11
005551.wav,0.15873015873015872,0.6233766233766234,42,30,47,29
005585.wav,0.16256410256410259,0.7083333333333334,63,35,61,28
005622.wav,0.20245496572612784,0.6610169491525424,61,46,72,40
005628.wav,0.09941927990708478,0.6197183098591549,56,28,43,27
005637.wav,0.1221911421911422,0.5977011494252874,65,43,44,35
005642.wav,0.06222222222222222,0.8615384615384616,32,32,33,9
005643.wav,0.0654970760233918,0.8615384615384616,33,28,37,9
005663.wav,0.10865900383141763,0.8,36,24,36,12
005671.wav,0.15812996543646698,0.5348837209302325,44,24,62,40
005673.wav,0.08464304057524398,0.5106382978723404,55,31,63,46
005674.wav,0.0905982905982906,0.5405405405405406,34,19,18,17
005700.wav,0.10432900432900433,0.45,42,27,53,44
005704.wav,0.09705753184014053,0.4105960264900662,62,41,110,89
